{
  "Hunting": 5.333333333333333,
  "On-Rails Shooter": 5.0,
  "Trains": 5.5,
  "World War I": 4.333333333333333,
  "Demons": 5.5,
  "Crime": 5.0,
  "Rogue-like": 6.217391304347826,
  "Supernatural": 6.714285714285714,
  "Turn-Based": 5.945454545454545,
  "Animation & Modeling": 5.7,
  "Comedy": 6.285714285714286,
  "Dynamic Narration": 7.25,
  "Replay Value": 6.3076923076923075,
  "Gaming": 6.25,
  "Competitive": 6.111111111111111,
  "Otome": 5.833333333333333,
  "Linear": 6.571428571428571,
  "Football": 5.25,
  "Benchmark": 6.75,
  "Text-Based": 6.5,
  "Soundtrack": 6.333333333333333,
  "Online Co-Op": 6.09375,
  "Third Person": 6.285714285714286,
  "First-Person": 5.602739726027397,
  "Ninja": 6.5,
  "Physics": 5.75,
  "Thriller": 6.0,
  "Mod": 5.75,
  "Building": 5.472222222222222,
  "Magic": 5.5,
  "RTS": 5.885714285714286,
  "Great Soundtrack": 6.647058823529412,
  "Steampunk": 6.6,
  "Software Training": 5.0,
  "Fighting": 6.7368421052631575,
  "Simulation": 5.391304347826087,
  "2D": 6.393939393939394,
  "Realistic": 5.705882352941177,
  "Rome": 5.5,
  "Exploration": 6.242424242424242,
  "Grid-Based Movement": 6.25,
  "Remake": 7.0,
  "Military": 5.526315789473684,
  "Assassin": 5.666666666666667,
  "Experimental": 6.0,
  "Parody": 7.0,
  "Design & Illustration": 5.6,
  "Twin Stick Shooter": 6.333333333333333,
  "Pirates": 6.0,
  "Singleplayer": 6.065015479876161,
  "Indie": 5.824945295404814,
  "3D Vision": 6.888888888888889,
  "Shoot 'Em Up": 6.161290322580645,
  "Real-Time with Pause": 6.285714285714286,
  "Stealth": 5.95,
  "Dragons": 5.0,
  "Web Publishing": 6.0,
  "Trading": 3.5,
  "Cyberpunk": 6.833333333333333,
  "Bullet Time": 7.0,
  "Top-Down Shooter": 6.5,
  "Education": 5.454545454545454,
  "Swordplay": 5.333333333333333,
  "Aliens": 6.0,
  "Open World": 5.6022727272727275,
  "Underwater": 6.5,
  "Dark Comedy": 5.0,
  "Nonlinear": 8.0,
  "Arcade": 6.391304347826087,
  "Satire": 7.0,
  "Resource Management": 6.454545454545454,
  "Sports": 5.625,
  "Romance": 6.818181818181818,
  "VR": 6.121212121212121,
  "Spectacle fighter": 7.0,
  "Retro": 6.098039215686274,
  "Bullet Hell": 6.277777777777778,
  "Real-Time": 6.125,
  "Family Friendly": 6.142857142857143,
  "Difficult": 6.444444444444445,
  "Action RPG": 5.277777777777778,
  "Fantasy": 6.064102564102564,
  "Parkour": 5.5,
  "Relaxing": 6.75,
  "Kickstarter": 6.181818181818182,
  "Horror": 5.932203389830509,
  "Utilities": 5.533333333333333,
  "Cinematic": 6.285714285714286,
  "Stylized": 5.4,
  "Controller": 6.527777777777778,
  "Games Workshop": 6.333333333333333,
  "Point & Click": 6.1,
  "Mythology": 7.0,
  "America": 5.875,
  "Cartoon": 6.333333333333333,
  "Psychedelic": 8.0,
  "Third-Person Shooter": 5.714285714285714,
  "Minimalist": 6.833333333333333,
  "Short": 6.363636363636363,
  "City Builder": 5.555555555555555,
  "Dystopian": 6.25,
  "Action-Adventure": 6.642857142857143,
  "Video Production": 5.2,
  "RPGMaker": 5.7368421052631575,
  "Programming": 6.5,
  "Visual Novel": 6.448275862068965,
  "Beat 'em up": 6.375,
  "4 Player Local": 6.6,
  "Co-op": 5.877777777777778,
  "Anime": 6.043478260869565,
  "Historical": 5.833333333333333,
  "Wargame": 5.666666666666667,
  "Philisophical": 7.0,
  "Real Time Tactics": 6.0,
  "Loot": 4.0,
  "Interactive Fiction": 7.0,
  "Adventure": 5.871710526315789,
  "Metroidvania": 6.470588235294118,
  "Free to Play": 5.152941176470589,
  "Side Scroller": 6.625,
  "Procedural Generation": 6.294117647058823,
  "Perma Death": 6.666666666666667,
  "2D Fighter": 6.8,
  "Team-Based": 5.6,
  "Nudity": 5.9411764705882355,
  "Abstract": 7.5,
  "Detective": 6.785714285714286,
  "Class-Based": 5.333333333333333,
  "Hex Grid": 6.0,
  "Conspiracy": 7.0,
  "Gothic": 6.333333333333333,
  "Narration": 7.25,
  "Time Attack": 7.0,
  "Drama": 7.0,
  "Tutorial": 6.0,
  "Puzzle-Platformer": 5.6923076923076925,
  "Isometric": 6.291666666666667,
  "Mature": 5.4,
  "Audio Production": 4.333333333333333,
  "Puzzle": 6.108108108108108,
  "Robots": 6.333333333333333,
  "Clicker": 5.0,
  "Management": 5.269230769230769,
  "Music": 7.066666666666666,
  "Story Rich": 6.467532467532467,
  "Superhero": 7.2,
  "Space Sim": 7.0,
  "Racing": 6.115384615384615,
  "War": 5.409090909090909,
  "JRPG": 5.842105263157895,
  "Split Screen": 5.0,
  "e-sports": 6.8,
  "GameMaker": 7.333333333333333,
  "Medieval": 6.454545454545454,
  "Platformer": 6.25,
  "Fast-Paced": 6.375,
  "Documentary": 6.666666666666667,
  "MOBA": 5.666666666666667,
  "Comic Book": 7.8,
  "Card Game": 5.583333333333333,
  "Mini Golf": 5.0,
  "Space": 5.918918918918919,
  "Illuminati": 6.75,
  "Tanks": 5.777777777777778,
  "Cult Classic": 5.75,
  "Dungeon Crawler": 6.0,
  "Female Protagonist": 6.164383561643835,
  "Cartoony": 4.75,
  "Destruction": 6.7272727272727275,
  "Western": 5.0,
  "PvP": 5.619047619047619,
  "Crafting": 5.2,
  "Atmospheric": 6.294117647058823,
  "Tactical RPG": 5.444444444444445,
  "Sailing": 4.0,
  "Silent Protagonist": 6.0,
  "Science": 4.5,
  "Massively Multiplayer": 4.884615384615385,
  "Board Game": 5.733333333333333,
  "Asynchronous Multiplayer": 5.0,
  "Gun Customization": 5.75,
  "PvE": 7.5,
  "Driving": 5.642857142857143,
  "Zombies": 5.24,
  "2.5D": 5.428571428571429,
  "Action": 5.812324929971989,
  "Hidden Object": 5.857142857142857,
  "Hacking": 7.0,
  "Based On A Novel": 7.0,
  "Crowdfunded": 6.25,
  "Quick-Time Events": 5.5,
  "Software": 6.75,
  "Cute": 6.696969696969697,
  "Golf": 5.0,
  "Game Development": 5.857142857142857,
  "Classic": 6.465116279069767,
  "Score Attack": 7.5,
  "Survival Horror": 5.923076923076923,
  "Sexual Content": 5.5,
  "Moddable": 7.0,
  "Runner": 6.8,
  "Hand-drawn": 6.6,
  "Post-apocalyptic": 4.888888888888889,
  "MMORPG": 4.5625,
  "Co-op Campaign": 4.0,
  "Time Manipulation": 7.0,
  "Photo Editing": 5.25,
  "Trading Card Game": 6.333333333333333,
  "Voxel": 5.75,
  "CRPG": 6.636363636363637,
  "Funny": 6.0,
  "Cold War": 5.0,
  "Grand Strategy": 6.166666666666667,
  "Mystery": 6.206896551724138,
  "Movie": 7.0,
  "Character Customization": 5.428571428571429,
  "Multiplayer": 5.8895348837209305,
  "Vampire": 6.0,
  "Strategy": 5.643776824034335,
  "Surreal": 7.0,
  "Turn-Based Tactics": 5.444444444444445,
  "LEGO": 6.0,
  "Chess": 3.5,
  "Rhythm": 7.0,
  "Dark Humor": 5.285714285714286,
  "Dating Sim": 6.066666666666666,
  "Soccer": 4.0,
  "Memes": 6.5,
  "Warhammer 40K": 6.0,
  "Mining": 7.0,
  "Flight": 4.636363636363637,
  "Episodic": 6.875,
  "Colorful": 6.7272727272727275,
  "Rogue-lite": 6.333333333333333,
  "Party-Based RPG": 6.5,
  "Pixel Graphics": 6.202702702702703,
  "Survival": 5.571428571428571,
  "1990's": 6.666666666666667,
  "Transhumanism": 7.0,
  "Dark": 6.071428571428571,
  "Dinosaurs": 4.5,
  "Noir": 6.625,
  "Music-Based Procedural Generation": 7.6,
  "Turn-Based Combat": 6.3,
  "Gore": 5.916666666666667,
  "RPG": 5.681528662420382,
  "Tower Defense": 5.666666666666667,
  "3D Platformer": 6.0,
  "Economy": 5.230769230769231,
  "Multiple Endings": 6.9,
  "Time Travel": 7.0,
  "Lovecraftian": 6.333333333333333,
  "Hack and Slash": 5.428571428571429,
  "Naval": 5.125,
  "4X": 5.857142857142857,
  "Psychological Horror": 6.411764705882353,
  "Top-Down": 6.318181818181818,
  "Blood": 7.0,
  "Shooter": 5.837837837837838,
  "Choose Your Own Adventure": 6.333333333333333,
  "Dark Fantasy": 5.5,
  "Sandbox": 5.771929824561403,
  "Lore-Rich": 7.0,
  "FPS": 5.519230769230769,
  "Arena Shooter": 5.75,
  "Level Editor": 6.0,
  "Capitalism": 6.666666666666667,
  "Local Co-Op": 6.7,
  "Early Access": 5.9298245614035086,
  "Futuristic": 5.333333333333333,
  "Word Game": 4.0,
  "Tactical": 5.585365853658536,
  "Mechs": 6.25,
  "World War II": 5.476190476190476,
  "Touch-Friendly": 6.928571428571429,
  "Match 3": 6.466666666666667,
  "Mouse only": 6.25,
  "Sci-fi": 5.944444444444445,
  "Modern": 7.0,
  "Turn-Based Strategy": 5.8108108108108105,
  "Strategy RPG": 5.333333333333333,
  "Psychological": 6.333333333333333,